{"train_loss":0.6498665948125464,"s1_precision":0.649770268267378,"_timestamp":1.7714225217899303e+09,"s1_loss":0.6210699655733252,"train_acc":0.611610605461021,"s1_recall":0.6524780473284715,"s2_acc":0.6572975365600368,"epoch":1,"train_recall":0.6604669568658489,"_step":0,"s2_loss":0.6149100199531784,"train_roc":0.6608932812526181,"s2_recall":0.6938660855649569,"_wandb":{"runtime":1},"_runtime":1,"s1_acc":0.6503944039291562,"s1_roc":0.7096957399077164,"s2_roc":0.7179385870176627,"s2_precision":0.6465772983263266,"train_precision":0.6016756070831171}